Top queries,Clicks,Impressions,CTR,Position
jungle boys,54206,639655,8.47%,3.61
jungleboys,6234,52208,11.94%,3.67
jungle boys pomona,6027,12394,48.63%,1.51
jungle boys dispensary,4834,32840,14.72%,4.7
jungle boys oc,4343,10018,43.35%,1.23
jungle boyz,3189,21416,14.89%,3.24
jungle boys vape,3079,41369,7.44%,5.56
jungle boys dtla,2648,7368,35.94%,1.42
jungle boys seeds,2349,11196,20.98%,5.23
jungle boys la mesa,2231,5947,37.51%,1.53
dispensary near me,2080,37848,5.5%,8.68
jungle boys san diego,1787,5175,34.53%,1.39
jungle boys menu,1186,3841,30.88%,5.73
jungle boys los angeles,1155,2775,41.62%,1.77
jungle boys weed,1069,8934,11.97%,5.85
jungle boys la,1050,1988,52.82%,1.44
jungle boys phoenix,1041,2412,43.16%,2.37
jungle boys california,1032,1971,52.36%,1.63
jungle boys santa ana,1012,2337,43.3%,1.87
jungle boys thc vape,842,7875,10.69%,4.99
jungleboyz,783,4719,16.59%,3.44
jungle boys pomona ca,707,1188,59.51%,1.57
jungle.boys,665,7082,9.39%,3.79
jungle boys deerfield beach,473,9291,5.09%,4.41
jungle boys az,366,676,54.14%,2.99
jungle boys alameda,361,897,40.25%,2.26
jungle boys vapes,346,3105,11.14%,4.75
jungle boys orange county,341,617,55.27%,2.47
jungle boys vape thc,335,3721,9%,5.92
jungle bous,335,3328,10.07%,3.77
jungleboys.com,332,530,62.64%,1
jungle boys cannabis,329,1719,19.14%,3.29
jungle boys verify,315,497,63.38%,1.85
jungle biys,312,3042,10.26%,3.82
jungle boys.com,301,426,70.66%,1.49
jungle boys downtown la,298,564,52.84%,3
jungke boys,294,3409,8.62%,3.87
jungle boys wax,292,8847,3.3%,5.69
jungle boys cali,273,700,39%,1.08
jungle boy seeds,253,1497,16.9%,7.19
jungle boy,245,24713,0.99%,7.85
dispensaries near me,240,3870,6.2%,7.99
the jungle boys,238,2324,10.24%,7.13
dtla jungle boys,227,1012,22.43%,2.07
jungel boys,222,2432,9.13%,7.66
jungle boys thca,222,1639,13.54%,9.11
jungle boy dispensary,217,3145,6.9%,5.53
jungle boys uk,210,1242,16.91%,3.78
jungle boys.,209,2401,8.7%,4.08
jungle boys ocala,207,44130,0.47%,5.24
jungle boys sd,204,537,37.99%,2.22
jungle boys pomona california,201,325,61.85%,1
jungleboys oc,199,412,48.3%,1.92
jungle boys thc,196,2002,9.79%,3.07
jungle boys pomona weedmaps,196,1147,17.09%,1.99
jungle boys arizona,192,539,35.62%,5.85
jumgle boys,189,1564,12.08%,4.34
jungle bots,182,2283,7.97%,3.75
dispensary,179,3699,4.84%,9.21
jungle boys vape real vs fake,178,2396,7.43%,4.08
jungleboys pomona,176,367,47.96%,4.17
jungle boys seeds for sale,167,1117,14.95%,5.93
jungleboys san diego,166,351,47.29%,1.48
jungleboy,164,3397,4.83%,5.94
jungle boys locations,159,2008,7.92%,8.43
jungle boys live resin,159,1068,14.89%,4.61
jungle boys deerfield,157,18884,0.83%,4.19
jungle boys website,149,549,27.14%,3.48
jungleboys dtla,149,233,63.95%,1.06
jungles boys,146,1247,11.71%,3.81
jungle boys on 7th street,143,241,59.34%,1.02
jungle boys carts,141,6091,2.31%,4.89
tlc collective,140,1090,12.84%,5.25
jungle boys near me,136,5559,2.45%,6.22
jungle boys strains,133,4981,2.67%,7.05
jungle boys motor breath vape,133,500,26.6%,3.29
jungle boys live resin vape,127,532,23.87%,3.58
jugle boys,124,917,13.52%,4.5
tungle boys,124,472,26.27%,1.32
jungle boys deals,121,1393,8.69%,13.49
jungle boys california locations,121,280,43.21%,1.23
jungle boys oc menu,121,145,83.45%,1.02
pomona jungle boys,117,310,37.74%,1.03
jungle boys cannabis dispensary,115,611,18.82%,3.7
jungle boys dispensary california,115,241,47.72%,1.09
jungle boys ca,115,217,53%,1.02
junglebous,114,1357,8.4%,4.65
jungleboys vape,113,894,12.64%,4.2
jungle boys vape pen,112,1549,7.23%,7.26
jungle boya,111,1177,9.43%,4.03
jungle boys shop,110,327,33.64%,2.02
jungleboys seeds,109,457,23.85%,4.98
jungle boy weed,108,873,12.37%,3.48
jungle boy vapes,105,1259,8.34%,4.31
jungle boys genetics,105,1145,9.17%,6.42
jungle boys motor breath,104,853,12.19%,5.53
jungle boys orlando,102,40691,0.25%,5.92
jungle boys vanilla velvet vape,101,804,12.56%,7.06
jungle boys dispensary los angeles,100,275,36.36%,1.6
jungle boys pomona menu,100,128,78.12%,1
jungle boys la mesa ca,99,163,60.74%,1.06
jungle boys miami beach,97,4093,2.37%,4.03
jungle boy vape,96,1393,6.89%,5.82
jungle boys hash,93,336,27.68%,2.15
jungle boys x cookies,92,5893,1.56%,5.72
jungleboys la,92,145,63.45%,2.03
jungle boys florida,91,17870,0.51%,5.96
zazooka strain,91,1774,5.13%,5.37
jungle boys chocolate chips,91,619,14.7%,3.98
jungle boys authentication,90,136,66.18%,1.37
jungle boys cart,89,3857,2.31%,6.86
jungleboys dispensary,87,970,8.97%,4.26
jungle boys disposable,83,2775,2.99%,6.52
jungle boys gold packs,83,451,18.4%,1.71
weed dispensary,81,1952,4.15%,8.09
jungle boys miami,80,26850,0.3%,7.21
jungle boyd,80,634,12.62%,4.94
jungle boys los angeles dispensary,80,198,40.4%,1.24
jungle boys california dispensary,80,129,62.02%,1.19
jungle boys nyc,78,791,9.86%,5.16
jubgle boys,78,728,10.71%,4.7
jungle boys in pomona,78,234,33.33%,1.09
adl strain,77,10146,0.76%,6.18
jungle boys dispensary near me,77,4472,1.72%,7.28
jungle brothers dispensary,76,1616,4.7%,4.68
jungle toys weed,75,334,22.46%,1.14
jungle boys cannabis vaporizer,73,871,8.38%,5.66
jungle blys,73,797,9.16%,4.89
jungle boyz seeds,73,321,22.74%,4.66
jungle boys strain,71,2577,2.76%,8.22
weedmaps,70,1887,3.71%,8.62
jungle boys delivery,70,1547,4.52%,6.22
jungle boys puro loco,70,730,9.59%,5.02
jungle boys yart,70,629,11.13%,2.48
jungle boys tlc,70,392,17.86%,6.19
jungelboys,70,282,24.82%,2.51
jungle boys official website,69,447,15.44%,1.8
pop rockets strain,67,1889,3.55%,7.52
jungle boys pre rolls,67,1295,5.17%,6.74
jungle boys bonita,66,10521,0.63%,4.94
jungle boys dispo,66,1103,5.98%,4.47
junglr boys,66,626,10.54%,5.17
blu frootz jungle boys,66,551,11.98%,4.34
jungle boys flower,65,711,9.14%,4.45
blue zerds jungle boys,64,1181,5.42%,6.67
junglebiys,64,679,9.43%,5.49
pop rockets jungle boys,64,491,13.03%,2.96
jungle boys phoenix az,64,152,42.11%,4.82
tlc jungle boys,63,282,22.34%,5.59
jungle boys irvine,63,166,37.95%,1.02
jungle boys downtown,61,144,42.36%,1.23
jungle boys packs,60,1435,4.18%,6.23
jungle boyz weed,60,465,12.9%,2.25
jungle boys pop rockets,60,270,22.22%,2.81
jungle boys 420 deals,60,155,38.71%,3.86
pomona dispensary,59,2501,2.36%,5.29
jungle boys 20th anniversary,59,307,19.22%,1.57
ジャングルボーイズ,59,185,31.89%,1.03
jungle boys daytona,58,29186,0.2%,5.66
jungle boys seed,58,337,17.21%,5.31
hungle boys,57,567,10.05%,5.9
rs1000 jungle boys,57,425,13.41%,3.68
jungle bros,56,572,9.79%,9.33
jungleboys weed,56,257,21.79%,2.1
jungle bites 100mg,54,4835,1.12%,6.96
raspado jungle boys,53,368,14.4%,3.95
dispensary pomona,52,1775,2.93%,5.57
jungle boys dispensaries,52,1176,4.42%,10.61
jungle boys puro loco vape,52,195,26.67%,3.79
tlc collective jungle boys,52,173,30.06%,3.73
jungle boys dispensary locations,51,955,5.34%,5.9
vape jungle boys,51,899,5.67%,5.92
puro loco jungle boys,51,599,8.51%,5.8
big league choo jungle boys,51,516,9.88%,3.82
jungle.boyz,51,434,11.75%,4.43
strawberry waffles strain,51,295,17.29%,3.38
jungle boys los angeles ca,51,87,58.62%,1.06
jungle boys vanilla velvet,50,911,5.49%,6.85
jungle boys new york,50,304,16.45%,3.52
jungle boys weed vape,49,454,10.79%,4.64
jungkeboys,49,381,12.86%,3.52
jungle boys las vegas,49,249,19.68%,1.16
jungle boys zazooka,48,511,9.39%,4.04
junhle boys,48,502,9.56%,5.31
jungle boys raspado,48,338,14.2%,3.98
jungler boys,48,253,18.97%,2.09
jungle boys wholesale,48,197,24.37%,3.02
jungle boys long beach,48,131,36.64%,1.02
jungle boys coma vape,47,897,5.24%,6.65
vanilla velvet strain,46,4658,0.99%,6.61
jungle boys pen,46,1937,2.37%,7.63
jungle boys store,46,975,4.72%,12.22
trop cherry jungle boys,46,377,12.2%,3.41
dispensaries in san diego,46,263,17.49%,18.07
jungle boys verification,46,65,70.77%,1
jungle boys coma,45,889,5.06%,5.13
junglebots,45,732,6.15%,5.44
pop rockets strain jungle boy,45,713,6.31%,7.14
jungle boys cali packs,45,682,6.6%,4.84
rgxtw strain,45,412,10.92%,4.16
nungle boys,45,389,11.57%,5.04
jungle boys vape kaufen,45,317,14.2%,4.81
chocolate chips jungle boys,45,292,15.41%,4.11
the jungle boys dispensary,44,473,9.3%,5.26
jungle boys palm harbor,43,21759,0.2%,5.2
zazooka jungle boys,43,535,8.04%,4.22
jungle boys blue zerds,43,491,8.76%,4.84
jungle boys dispensary san diego,43,118,36.44%,2.24
jungle boys la dispensary,43,84,51.19%,1.18
dispensary san diego,42,721,5.83%,18.97
lemon cherry watermelon strain,42,597,7.04%,5.03
jungleboya,42,434,9.68%,3.66
jungle boys anaheim,42,89,47.19%,1.03
junglebpys,41,373,10.99%,3.53
jungle boys rs1000,41,345,11.88%,3.61
jungle boys east la,41,229,17.9%,2.63
silver project strain,40,1224,3.27%,5.56
thc vape jungle boys,40,694,5.76%,6.45
jungle boys legend og,40,524,7.63%,5.7
jungle bpys,40,332,12.05%,3.09
dispensary in la mesa,40,172,23.26%,5.12
cannabis dispensary near me,39,839,4.65%,11.55
blam jungle boys,39,726,5.37%,4.55
jungle boys thc pen,39,534,7.3%,5.14
jungle boys jelly donut,38,916,4.15%,6.69
jungle boyz vape,38,632,6.01%,5.33
jungle boys thc vapes,38,371,10.24%,4.62
jungle boys edibles,38,368,10.33%,3.72
cherry pie jungle boys,38,297,12.79%,3.25
jungle boys marijuana,38,226,16.81%,2.25
jungle boys pink cadillac,37,535,6.92%,5.39
jungle hoys,37,515,7.18%,5.97
dispensary phoenix,36,845,4.26%,22.62
jungle voys,36,363,9.92%,4.22
jungle noys,36,354,10.17%,3.43
jungle boys blam,35,603,5.8%,5.47
jungle boys vape fake vs real,35,393,8.91%,4.21
jungle bouz,35,227,15.42%,3.25
jungle bros weed,35,160,21.88%,1.77
jungle boys 2g,34,1787,1.9%,6.79
dispensary near me open now,34,995,3.42%,7.31
jungle boys smoke shop,34,741,4.59%,5.6
jungle boys orange apricot,34,366,9.29%,5.33
jungle boys vape 1g,34,325,10.46%,5.37
permanent paint jungle boys,34,296,11.49%,3.45
jungle boys chocolate chip vape,34,210,16.19%,2.58
jungleboys uk,34,139,24.46%,3.17
weed delivery,33,433,7.62%,12.03
motor breath jungle boys,33,369,8.94%,6.25
palm boyz disposable,32,2599,1.23%,5.33
jungle boys logo,32,895,3.58%,2.95
jngle boys,32,364,8.79%,3.85
jungle boys pink cadillac vape,32,348,9.2%,2.27
jungle boys trop cherry,32,164,19.51%,3.18
jungle boys x cookies vape,31,1394,2.22%,6.97
vanilla velvet jungle boys,31,1275,2.43%,9.46
strawberry runtz jungle boys,31,731,4.24%,8.63
dispensaries,31,587,5.28%,8.17
jungle boys app,31,453,6.84%,7.35
jungle boys 3.5,31,256,12.11%,3.77
jungle bois,31,241,12.86%,2.65
spanish honey strain,30,1581,1.9%,3.98
jungle boys merch,30,1118,2.68%,4.68
zangria jungle boys,30,888,3.38%,9.47
all cherries jungle boys,30,727,4.13%,5.94
jungle boys live rosin vape,30,134,22.39%,3.36
jungle boys clothing,29,3065,0.95%,5.47
jungle bros dispensary,29,838,3.46%,12.09
la mesa dispensary,29,452,6.42%,11.16
jungle boys cannabis flower,29,193,15.03%,2.87
jungle boys vaporizer,29,192,15.1%,3.82
jungle boys on alameda,29,98,29.59%,6.47
jungle boys vape vanilla velvet,29,71,40.85%,2.2
jungle boys dispensary pomona,29,63,46.03%,1.05
zazooka,28,946,2.96%,5.52
motorbreath jungle boys,28,687,4.08%,9.81
junglw boys,28,323,8.67%,3.37
puff jungle boys,28,322,8.7%,5.16
jungle boys playing with fire,28,311,9%,5.27
trop cherry strain jungleboys,28,279,10.04%,4.86
jumgleboys,28,228,12.28%,3.51
junlge boys,28,192,14.58%,3.16
jungle boys clones,28,175,16%,3.97
jungle boys downtown los angeles,28,68,41.18%,1
sweet tea sherb strain,27,1378,1.96%,6.47
juggle boys,27,378,7.14%,3.49
jungle boys live rosin,27,335,8.06%,5.88
jungle boys careers,27,257,10.51%,8.7
jungke boyz,27,247,10.93%,3.88
jungle.boys dispensary,27,202,13.37%,3.82
jungle boys cherry pie,27,160,16.88%,2.54
verify jungle boys,27,43,62.79%,1
junge boys,26,635,4.09%,4.82
deep vision strain,26,628,4.14%,3.31
jungle boys la gelato,26,296,8.78%,3.21
jungl boys,26,252,10.32%,3.13
jungle boys x cookies chocolate chips,26,181,14.36%,3.75
jungle boy thc,26,127,20.47%,2.27
jungle boys photos,25,2128,1.17%,9.81
blu zerdz strain,25,550,4.55%,5.52
jungle dispensary,25,524,4.77%,5.15
jungle.boys vape,25,295,8.47%,5.04
jungle boys seeds uk,25,252,9.92%,6.74
jungle boys europe,25,165,15.15%,3.28
mimosa jungle boys,25,146,17.12%,4.62
jungle boys genetics seeds,25,119,21.01%,4.55
blu frootz strain jungle boys,25,97,25.77%,2.64
jungle boys bonita springs,24,9295,0.26%,6.87
jungle boys strains list,24,905,2.65%,8.35
jungle boys zangria,24,311,7.72%,4.97
deep visions #1 strain,24,272,8.82%,4.5
jungle boys michigan,24,179,13.41%,2.52
jungle boys cbd,24,174,13.79%,7.71
jungle boys zourz,24,162,14.81%,2.72
jungle boys vape live resin,24,77,31.17%,3.04
jungle boyz thc pen,23,815,2.82%,7.85
phoenix dispensary,23,735,3.13%,37.59
jungle boys vape uk,23,443,5.19%,7.92
dispensary near me open,23,386,5.96%,8.15
legend og jungle boys,23,382,6.02%,6.91
jungle boys weed dispensary,23,166,13.86%,2.53
chocolate chips strain jungleboys,23,137,16.79%,3.75
blam strain,22,2093,1.05%,6.61
jungle boys x cookies 1g,22,1019,2.16%,7.22
jungle boys cookies,22,782,2.81%,5.19
jungle oys,22,321,6.85%,3.75
jungleboys.,22,272,8.09%,3.41
orange cherries jungle boys,22,231,9.52%,3.62
jungle boys la kush cake,22,205,10.73%,4.81
zourz jungle boys,22,189,11.64%,4.99
jungel boyz,22,145,15.17%,2.61
jungle boys 420,22,129,17.05%,3.51
weed delivery el cajon,22,106,20.75%,12.02
jungle boys 20 year anniversary,22,95,23.16%,2.13
jungle boys daytona beach,21,9338,0.22%,5.98
adl runtz strain,21,1896,1.11%,8.35
jungleboys ocala,21,1265,1.66%,5.32
jungle boys vape 2g,21,824,2.55%,7.87
jelly donut jungle boys,21,628,3.34%,6.57
animal tsunami jungle boys,21,517,4.06%,7.82
pink cadillac jungle boys,21,431,4.87%,6.24
yuzu sake strain,21,317,6.62%,3.24
jungle boys puff,21,310,6.77%,6.29
jungle boys all cherries,21,307,6.84%,5.41
jungle boys canada,21,151,13.91%,3.42
jungle boys tampa,20,16921,0.12%,7.56
san diego dispensary,20,371,5.39%,22.5
jungle boys cali pen,20,350,5.71%,5.35
jungle boys permanent paint,20,168,11.9%,3.56
quale rosin,20,168,11.9%,4.51
jungle boys mimosa,20,118,16.95%,3.47
how to verify jungle boys vape,20,57,35.09%,1.02
jungle boys dispensary arizona,20,30,66.67%,1.03
jungle boys hours,19,2380,0.8%,5.63
jungle boys florida menu,19,1118,1.7%,10.66
jungle boys disposable vape,19,930,2.04%,7.45
pinata jungle boys,19,518,3.67%,6.88
jungle boys dtla weedmaps,19,336,5.65%,2.45
motorbreath strain jungleboys,19,203,9.36%,4.25
jungle boys rso,19,199,9.55%,3.78
junglebohs,19,194,9.79%,3.76
jungle boys blu frootz,19,192,9.9%,4.09
jungle boys big league choo,19,144,13.19%,5.06
jungleboys vapes,19,131,14.5%,2.99
jungle boys gold mylar,19,124,15.32%,2.67
weed jungle boys,19,91,20.88%,2
tungler boys,19,65,29.23%,1.32
jungle boys jacksonville,18,19380,0.09%,7.43
jungle boy carts,18,1478,1.22%,10.46
jungle boys 2ml,18,648,2.78%,7.51
jungle boys piatella,18,447,4.03%,7.24
zuds strain,18,429,4.2%,6.18
jungle boys pre rolls 10 pack,18,406,4.43%,7.04
weed delivery la mesa,18,177,10.17%,8.66
jungle boys hat,18,150,12%,4.29
jugleboys,18,137,13.14%,3.25
zours jungle boys,18,109,16.51%,2.25
jungle boys pheno batch,18,34,52.94%,1.03
jungle boys phoenix arizona,18,25,72%,1.04
dirty laundry strain,17,944,1.8%,7.93
ジャングルボーイズ リキッド,17,539,3.15%,6.2
waffle cone jungle boys,17,520,3.27%,7.64
dispensary la mesa,17,494,3.44%,9.36
lemon banana pie strain,17,442,3.85%,5.48
blu zerdz,17,430,3.95%,5.12
jungle boys rosin,17,407,4.18%,13.59
blue og jungle boys,17,405,4.2%,6.41
jungle boys vape preis,17,232,7.33%,5.75
jb weed,17,229,7.42%,2.97
best dispensary near me,17,228,7.46%,9.18
deep visions #9 strain,17,206,8.25%,3.03
lemon kefir strain,17,204,8.33%,3.65
jungle boys stvtr,17,175,9.71%,2.83
fake jungle boys,17,144,11.81%,3.53
san diego dispensaries,17,136,12.5%,19.66
jungle boys chicago,17,83,20.48%,1.46
jungle boys west palm beach,16,12924,0.12%,8.13
adl weed strain,16,2166,0.74%,5.48
what is jungle boys,16,1429,1.12%,5.71
jungleboys deerfield,16,1226,1.31%,3.96
creole kush strain,16,1163,1.38%,5.08
weed dispensary near me,16,754,2.12%,8.58
dispensary in pomona,16,695,2.3%,5.63
recreational dispensary near me,16,440,3.64%,6.53
weed dispensary open near me,16,384,4.17%,6.8
cannabis near me,16,356,4.49%,11.71
best dispensaries in san diego,16,336,4.76%,16.02
jungle boys hoodie,16,273,5.86%,3.96
white gummiez jungle boys,16,164,9.76%,4.15
jungle boys dablicator,16,160,10%,3.71
jungle.bous,16,159,10.06%,3.3
jungle boys los angeles photos,16,157,10.19%,5.85
backpack boyz,16,157,10.19%,20.34
rs1000 strain jungle boys,16,147,10.88%,2.81
jungle boys boyle heights,16,133,12.03%,3.59
jungle boy cannabis,16,115,13.91%,2.3
jungle boys seed bank,16,79,20.25%,3.65
jungle boys chocolate chips vape,16,65,24.62%,5.14
jungleboysoc,16,31,51.61%,1.45
jungle boys qr code,16,24,66.67%,1
pink cadillac strain,15,2096,0.72%,8.88
jungle boys dab pen,15,803,1.87%,8.93
lip smackz strain,15,779,1.93%,9.07
weed near me,15,641,2.34%,9.45
la gelato jungle boys,15,580,2.59%,5.04
just flower,15,552,2.72%,7.82
jungle boys pinata,15,398,3.77%,7.26
blu frootz,15,364,4.12%,6.14
jungle boys pens,15,360,4.17%,6.79
jungleboys cart,15,323,4.64%,3.88
jungle boys jelly donut vape,15,311,4.82%,6.68
jungle boys frozen grapes,15,307,4.89%,6.75
jungle boys pod,15,302,4.97%,4.31
tlc dispensary,15,258,5.81%,9.64
jungle boys flavors,15,206,7.28%,5.59
junglevoys,15,196,7.65%,3.56
weed delivery near me,15,189,7.94%,10.23
jungle boyz vapes,15,179,8.38%,4.83
jungle boys strawberry runtz,15,174,8.62%,2.91
hasher rosin,15,117,12.82%,3.97
jungle buys,15,103,14.56%,4.56
jungle boys dispensary la mesa,15,61,24.59%,2.25
jungle boys olympic,15,57,26.32%,2.91
jungle boys los angeles farmers,15,42,35.71%,1.9
fantasy melon strain,14,3372,0.42%,7.16
gorilla boyz,14,2549,0.55%,7.19
glazed ice jungle boys,14,1155,1.21%,10.92
jungle boys 2g disposable,14,680,2.06%,8.73
doja pak,14,477,2.94%,9.97
jungle boys vape pens,14,443,3.16%,5.39
dispensaries in pomona,14,431,3.25%,4.66
jungle boys 1ml,14,377,3.71%,6.2
blam strain jungle boys,14,365,3.84%,5.68
jungle boys bud,14,360,3.89%,18.9
jungle boys vape deutschland,14,328,4.27%,9.08
jungle boys jars,14,209,6.7%,3.44
ungle boys,14,180,7.78%,3.33
paki x the soap,14,174,8.05%,4.36
jungle boyz dispensary,14,150,9.33%,5.11
weed delivery san diego,14,144,9.72%,13.38
jungleboyd,14,142,9.86%,3.5
jungle boys gold pack,14,133,10.53%,2.44
jungle boys canabis,14,102,13.73%,1.97
jungle boys rosin vape,14,58,24.14%,2.98
jungle boys north miami,13,4736,0.27%,5.43
rs 1000 strain,13,1392,0.93%,6.71
g ride jungle boys,13,838,1.55%,11.18
jungle boys near ne,13,689,1.89%,8.32
weed dispensary san diego,13,670,1.94%,11.17
06 og #55 strain,13,440,2.95%,4.92
dispensary pomona ca,13,436,2.98%,5.21
frozen grapes jungle boys,13,344,3.78%,5.97
jungle boys vape coma,13,324,4.01%,6.51
vape thc jungle boys,13,221,5.88%,5.83
chocolate chips strain,13,163,7.98%,6.44
jungle joys,13,145,8.97%,2.43
dispensaries san diego,13,124,10.48%,22.08
best dispensary in california,13,110,11.82%,13.98
jungle boys santee alley,13,105,12.38%,1.19
new generation pomona,13,103,12.62%,2.89
jungle boys motorbreath,13,100,13%,3.8
rs1000 strain,12,2615,0.46%,6.94
jungle boys cookies vape,12,723,1.66%,6.19
blue frootz strain,12,682,1.76%,7.16
jungle boys weed pen,12,643,1.87%,7.83
deep visions strain,12,304,3.95%,3.22
dispensary delivery near me,12,265,4.53%,9.59
san diego weed dispensary,12,244,4.92%,15.16
blue zerdz,12,223,5.38%,5.49
blue zerds jungle boys strain,12,181,6.63%,7
jungle boys vapes uk,12,149,8.05%,6.74
lndn rtz strain,12,123,9.76%,4.5
gold jungle boys,12,109,11.01%,1.79
sherbanger jungle boys,12,109,11.01%,5.26
jungle boys sherbanger,12,105,11.43%,3.84
jungle boys thca flower,12,89,13.48%,6.28
jungle brothers weed,12,84,14.29%,3.74
jungle boys gold,12,82,14.63%,2.09
dispensary near me delivery,12,76,15.79%,10.11
hash florida dispensary,12,73,16.44%,4.44
jungle boys phx,12,30,40%,1.33
oc jungle boys,12,26,46.15%,2.04
jungle boys dispensary daytona beach,11,1792,0.61%,9.96
palm boyz carts,11,1352,0.81%,5.51
pillow mints strain,11,680,1.62%,8.82
adl rtz strain,11,538,2.04%,3.57
coma jungle boys,11,421,2.61%,6.19
pod jungle boys,11,393,2.8%,4.75
jungle boys weed strain,11,322,3.42%,7.54
dispensary santa ana,11,311,3.54%,29.68
spanish honey #8 strain,11,258,4.26%,4.43
jungle boys rainbow belts,11,254,4.33%,6.31
jungle boys concentrates,11,220,5%,6.05
jungleblys,11,210,5.24%,3.88
ice cream mints jungle boys,11,189,5.82%,4.65
jungle boys papaya,11,169,6.51%,4.95
jungle boys 1g vape,11,163,6.75%,6.64
orange cookies jungle boys,11,162,6.79%,3.78
jungke biys,11,152,7.24%,3.45
jungle boys thc vape uk,11,117,9.4%,6.09
jungle boys vape fake,11,114,9.65%,4.36
jungle.boys weed,11,107,10.28%,2.39
jungle boys white gummiez,11,62,17.74%,2.74
live resin jungle boys,11,60,18.33%,3.53
jungle boys san diego deals,11,36,30.56%,2.72
jungle boys vape puro loco,11,34,32.35%,3.09
cali jungle boys,11,20,55%,1
jungle boys disposable vape pen,10,692,1.45%,9.3
jungle x san diego,10,338,2.96%,2.91
jungle boys bags,10,296,3.38%,6.93
blam jungle boys strain,10,291,3.44%,5.69
jungle boys up in space,10,291,3.44%,7.15
big league choo,10,285,3.51%,6.16
dispensary open near me,10,281,3.56%,8.86
don z jungle boys,10,245,4.08%,3.3
poppers arizona,10,239,4.18%,5.81
jungle boys | florida menu,10,216,4.63%,3.01
orange apricot jungle boys,10,204,4.9%,5.32
dispos near me,10,181,5.52%,7.39
jungle boys up in space vapes,10,160,6.25%,7.74
jungle boyz dispo,10,154,6.49%,2.34
jungle toys cannabis,10,135,7.41%,1.1
vape jungle boys thc,10,119,8.4%,6.22
jungle boys gummies,10,118,8.47%,5.32
baked octane strain,10,116,8.62%,4.41
jungle boys vape brasil,10,110,9.09%,3.05
jungle boyz thc,10,109,9.17%,2.68
raspado strain jungleboys,10,108,9.26%,2.73
tlc collective los angeles,10,93,10.75%,9.69
kush mints jungle boys,10,83,12.05%,3.16
jungle boy vapes thc,10,79,12.66%,3.63
piatella oreoz,10,65,15.38%,5.25
jungle boy genetics,10,33,30.3%,3.3
jungle boys gainesville,9,11085,0.08%,7.86
jungle boys north miami beach,9,2726,0.33%,6.51
story midtown,9,2216,0.41%,4.78
zourz strain,9,1126,0.8%,9.11
jungle boys animal tsunami,9,898,1%,11.05
06 og #67 strain,9,796,1.13%,10.42
perfect triangle jungle boys,9,731,1.23%,12.09
jungleboys near me,9,591,1.52%,6.52
jungle boys oc weedmaps,9,400,2.25%,2.27
weed shops near me,9,389,2.31%,5.63
jungle boys blam strain,9,360,2.5%,6
la kush cake jungle boys,9,355,2.54%,11.79
the one jungle boys,9,293,3.07%,6.38
guava de fresa strain,9,257,3.5%,5.91
jungle boys pops,9,210,4.29%,7.55
weedmaps pomona,9,188,4.79%,6.33
cannabis brothers,9,176,5.11%,6.07
cannabis dispensary,9,169,5.33%,12.02
paki x the soap strain,9,158,5.7%,5.35
legacy genetix,9,156,5.77%,3.97
private reserve jungle boys,9,153,5.88%,6.72
weed dispensary el cajon,9,151,5.96%,1.95
weedmaps jungle boys pomona,9,133,6.77%,2.22
dispensaries in la mesa,9,124,7.26%,6.8
jungle boys cannabis vape,9,116,7.76%,5.02
jungeboys,9,102,8.82%,3.55
baked bros unwind gummies,9,92,9.78%,6.45
jungle boys new packaging,9,53,16.98%,2.13
motorbreath x 06 og,9,50,18%,5
jungle boys west palm,8,5240,0.15%,7.21
jungle boys clearwater,8,2488,0.32%,10.65
06 og strain,8,1339,0.6%,6.77
g ride strain,8,1308,0.61%,10.35
zudz strain,8,805,0.99%,5.53
jungle boys deerfield beach dispensary,8,761,1.05%,6.17
jungle boys weedmaps,8,711,1.13%,6.21
ckd up candy strain,8,541,1.48%,5.21
jungle boys 1g disposable,8,445,1.8%,8.1
blue monaco strain,8,411,1.95%,8.43
jungle boyz exotics,8,409,1.96%,8.15
zazooka strain indica or sativa,8,400,2%,4.44
pomona dispensaries,8,363,2.2%,5.79
weed store near me,8,357,2.24%,9.38
coma strain jungleboys,8,345,2.32%,4.45
jungle boys vape price,8,246,3.25%,7.07
mushroom dispensary san diego,8,214,3.74%,19.8
where to buy poppers in phoenix,8,192,4.17%,7.03
kosher og jungle boys,8,176,4.55%,5.7
spanish honey #11 strain,8,175,4.57%,2.45
pop rocket strain,8,175,4.57%,8.42
jungle boys amsterdam,8,167,4.79%,4.22
cannabis,8,163,4.91%,9.31
jungle boys blue og,8,145,5.52%,5.7
dispensary los angeles,8,122,6.56%,30.21
just flower az,8,121,6.61%,4.23
weed pen,8,114,7.02%,4.09
g-ride strain jungleboys,8,109,7.34%,3.53
white gummies strain jungle boys,8,101,7.92%,4.03
jungoe boys,8,95,8.42%,3.79
weed delivery santee,8,95,8.42%,8.76
cannabis delivery san diego,8,90,8.89%,12.2
la mesa dispensaries,8,90,8.89%,13.49
vape pen jungle boys,8,89,8.99%,4.53
jungle boys chocolate chip,8,85,9.41%,5.15
jungle bkys,8,81,9.88%,3.26
jungle boys phoenix photos,8,76,10.53%,7.07
jungle boys new strains,8,69,11.59%,4.59
jungle biyz,8,66,12.12%,3.21
jungle.biys,8,65,12.31%,3.4
jungle. boys,8,56,14.29%,2.82
jungle boys cannabis seeds,8,46,17.39%,5.67
oil refinery co,8,45,17.78%,2.53
jungle boys glazed ice,8,45,17.78%,3.78
jungle boys serial number,8,28,28.57%,1
jungle boys costa mesa,8,25,32%,1.08
vanilla velvet jungle boys vape,8,20,40%,2.7
jungle boys dispensary phoenix,8,19,42.11%,1.63
jungle boys ocala florida,7,2206,0.32%,6.51
jungleboys orlando,7,1690,0.41%,6.03
cookies x jungle boys,7,1131,0.62%,4.67
jungle boy strain,7,930,0.75%,9.63
zoap jungle boys,7,620,1.13%,14.04
jungle san diego,7,592,1.18%,5.07
wax jungle boys,7,591,1.18%,6.12
los angeles dispensary menu,7,411,1.7%,14.39
jungle boy cart,7,406,1.72%,4.98
jungle boys pack,7,340,2.06%,5.13
jungle boys legend og vape,7,311,2.25%,8.06
cherry gelato jungle boys,7,296,2.36%,5.74
jungle boys blue cheese,7,231,3.03%,7.88
watermelon pie breath x oishii,7,214,3.27%,3.05
ジャングルボーイズ 大麻,7,207,3.38%,3.27
jungle boys vape prezzo,7,194,3.61%,9.63
buy jungle boys online,7,185,3.78%,13.96
dispensary in san diego,7,178,3.93%,40.46
weedmaps san diego,7,167,4.19%,13.16
raspado strain jungle boys,7,157,4.46%,3.31
boys dispensary,7,147,4.76%,4.62
jungel boy,7,144,4.86%,7.35
top rated dispensary near me,7,142,4.93%,10.23
wizard trees az,7,139,5.04%,4.35
junglebros,7,121,5.79%,5.45
applez #11 strain,7,110,6.36%,2.77
jungle boys 8th,7,107,6.54%,3.41
jungle boys vape pen thc,7,96,7.29%,5.34
dispensary ontario ca,7,94,7.45%,14.96
cannabis delivery near me,7,84,8.33%,11.73
cherry vanilla og jungle boys,7,80,8.75%,2.55
best dispensary los angeles,7,80,8.75%,37.34
jungle boys ice cream mints,7,75,9.33%,4.12
jungle boys blue velvet,7,71,9.86%,5.61
chocolate chip jungle boys,7,64,10.94%,4.16
la mesa weed dispensary,7,63,11.11%,6.62
jungle boys vape thc prezzo,7,63,11.11%,7.52
jungles boy,7,59,11.86%,6
dispo near me,7,57,12.28%,7.67
jungle boys vegas,7,50,14%,2.06
jungly boys,7,50,14%,3.1
jungle boys price,7,42,16.67%,4.55
jungle boys brand,7,25,28%,1.28
jungle boys official,7,21,33.33%,1.05
jungle boys orange apricot vape,7,14,50%,1.5
jungle boys gainesville florida,6,2960,0.2%,8.51
jungleboys florida,6,2105,0.29%,8.45
fantasy melonz strain,6,1494,0.4%,3.87
jungle boys first time discount,6,1296,0.46%,14.23
jungle boys 1g,6,861,0.7%,6.95
dispensary dtla,6,712,0.84%,10.61
smackerz jungle boys,6,710,0.85%,10.74
dtla dispensary,6,602,1%,10.18
jungle boys x cookies carts,6,437,1.37%,5.12
downtown la dispensary,6,422,1.42%,11.73
jungleboys clothing,6,382,1.57%,5.15
06 og,6,357,1.68%,5.73
jungle boys apparel,6,336,1.79%,7.01
06 og jungle boys,6,303,1.98%,6.23
jungle boyz pen,6,285,2.11%,6.58
jungle boys x cookies coma,6,279,2.15%,5.14
weed shop,6,273,2.2%,7.79
blam strain indica or sativa,6,257,2.33%,6.07
perm lee strain,6,240,2.5%,8.72
the one strain jungleboys,6,223,2.69%,11.22
jungle boys for sale,6,194,3.09%,3.66
jungle boys flavours,6,183,3.28%,4.54
jungle boys t shirt,6,181,3.31%,4.26
blue og strain jungle boys,6,173,3.47%,5.73
ny zoo jungle boys,6,170,3.53%,4.55
jungle boys smackerz,6,168,3.57%,7.43
jungle boy packs,6,167,3.59%,5.92
jungle boys private reserve,6,163,3.68%,7.58
jungle boys don z,6,159,3.77%,5.04
lcz jungle boys,6,156,3.85%,4.46
jungboys,6,155,3.87%,4.98
dispensary phoenix az,6,148,4.05%,34.67
strawnana jungle boys,6,142,4.23%,4.13
jungle boys jobs,6,142,4.23%,8.49
jungle boys sativa strains,6,138,4.35%,4.87
dialed in gummies arizona,6,138,4.35%,4.91
jungle boys pre roll,6,136,4.41%,5.38
zom jungle boys,6,127,4.72%,3.65
jungle boys g ride,6,115,5.22%,4.64
jungle boys biscotti cream,6,99,6.06%,7.22
junglebkys,6,96,6.25%,3.48
jungle boys stvtk,6,96,6.25%,5.05
jungle boys zom,6,94,6.38%,3.64
jungle boys stvtk vape,6,93,6.45%,4.75
i 95 permanent marker strain,6,83,7.23%,4.14
junglee boys,6,79,7.59%,3.06
jugnle boys,6,70,8.57%,3.26
new generation,6,69,8.7%,3.03
deep visions,6,68,8.82%,13.68
og 67 strain,6,65,9.23%,4.68
jungle boys strawnana,6,61,9.84%,4.31
flower shop dispensary,6,60,10%,2.48
war crasher strain,6,58,10.34%,3.84
jungle boys la kush cake vape,6,54,11.11%,6
piatella hash near me,6,48,12.5%,10.98
dispensary in pomona california,6,43,13.95%,4.47
joungle boys,6,41,14.63%,2.1
strawberry runtz strain jungleboys,6,30,20%,3.1
jungle boys rso dablicator,6,25,24%,2.68
cannabis flower jungle boys,6,24,25%,2.12
jungle boys farm,6,19,31.58%,1.53
jungle boys verification sticker,6,18,33.33%,1.06
jungle.boys pomona,6,12,50%,1
lemon cherry watermelon jungle boys,6,10,60%,2.8
jungle boys tallahassee,5,6039,0.08%,8.64
jungle boys dispensary ocala,5,1912,0.26%,8.57
pink cadillac strain jungleboys,5,955,0.52%,11.19
planetary og strain,5,654,0.76%,8.5
pinata strain jungle boys,5,614,0.81%,12.14
pre rolls,5,481,1.04%,12.8
jungle boys deerfield beach dispensary photos,5,480,1.04%,4.58
does jungle boys deliver,5,476,1.05%,8.94
are jungle boy carts real,5,442,1.13%,6.61
jungle boys wax 2g,5,417,1.2%,8.57
weed shop near me,5,337,1.48%,8.82
jungle boys carts 1g,5,335,1.49%,6.09
cochino jungle boys,5,331,1.51%,16.88
pod thc jungle boys,5,325,1.54%,6.11
jungle boys x cookies vanilla velvet,5,323,1.55%,4.74
jungle boys waffle cone,5,317,1.58%,8.55
dispensary el cajon,5,297,1.68%,8.36
fantasy melon,5,297,1.68%,8.63
1530 s alameda st los angeles,5,275,1.82%,5.59
hippy crasher jungle boys,5,256,1.95%,7.98
blueprint cannabis,5,251,1.99%,9.31
jungle boys packaging,5,247,2.02%,8.79
hash for sale,5,238,2.1%,35.5
jungle boys disposable 2g,5,231,2.16%,8.88
weed,5,222,2.25%,8.04
jungle boys wedding cake,5,218,2.29%,9.98
weed store,5,210,2.38%,7.71
jungle boys vape cena,5,194,2.58%,7.58
jungle boys tropicana,5,190,2.63%,3.99
hidden pastry jungle boys,5,184,2.72%,7.54
timeless 2 gram disposable,5,172,2.91%,7.31
blue zerdz strain,5,159,3.14%,6.85
just flower vape,5,156,3.21%,5.83
sticky tits strain,5,144,3.47%,7.56
cannabis dispensaries near me,5,143,3.5%,8.1
nearest dispensary,5,129,3.88%,7.99
apple banana gelato,5,119,4.2%,7.22
jungle boys hot wheels vape,5,112,4.46%,4.46
edibles near me,5,109,4.59%,6.67
jungle boys all in one vape,5,109,4.59%,7.82
weedmaps delivery,5,106,4.72%,10.34
best dispensary san diego,5,105,4.76%,19.38
dispensary chino hills,5,101,4.95%,6.8
weed shop san diego,5,101,4.95%,8.99
junglboys,5,92,5.43%,4.23
blu zerdz jungle boys strain,5,91,5.49%,6.44
mike cherry jungle boys,5,87,5.75%,6.92
jungle boys zoap,5,82,6.1%,4.49
silver project strain review,5,74,6.76%,6.74
jungle boy wax,5,72,6.94%,5.24
jungle boys mylar bags,5,68,7.35%,13.16
blu zerdz jungle boys,5,67,7.46%,4.09
dispensary la mesa ca,5,67,7.46%,9.97
dispensary delivery,5,61,8.2%,13.64
jungle boys on olympic,5,57,8.77%,5.79
junle boys,5,56,8.93%,4.21
fade co lemon cherry gelato,5,54,9.26%,6
weed stores,5,54,9.26%,6.13
shango exotic strain,5,53,9.43%,6.62
jungle boys cali vape,5,48,10.42%,3.19
triple dip jungle boys,5,47,10.64%,2.7
chino hills dispensary,5,47,10.64%,5.62
jungle boy pens,5,45,11.11%,5.76
jungle boys vape europe,5,45,11.11%,5.93
strawberry waffle strain,5,44,11.36%,4.59
cheapest dispensary san diego,5,44,11.36%,28.41
hash dispensary,5,42,11.9%,7.17
zom #6 strain,5,41,12.2%,1.54
white gummiez strain jungle boys,5,41,12.2%,3.54
cannabis seeds,5,41,12.2%,15.15
710 labs san diego,5,38,13.16%,9.76
dispensaries in la,5,35,14.29%,17.89
jungle boys gas tank,5,33,15.15%,2.45
jungle boys la mesa reviews,5,33,15.15%,10.76
santa ana dispensaries,5,29,17.24%,26.83
jungleboys weedmaps,5,26,19.23%,5.88
hash for sale in florida,5,23,21.74%,2.87
best weed in san diego,5,23,21.74%,5.65
new dispensary near me,5,23,21.74%,9.3
local dispensary near me,5,19,26.32%,8.21
junggle boys,5,15,33.33%,2.13
psychedelic mushroom edibles near me,5,13,38.46%,6.54
adl jungle boys,5,12,41.67%,2.17
jungle boyz la,5,9,55.56%,1.22
top dispensaries in los angeles,5,6,83.33%,44.33
jungle boys gainesville fl,4,4550,0.09%,8.57
jungle boys university,4,1690,0.24%,9.61
glazed ice strain,4,1567,0.26%,7.45
palm harbor jungle boys,4,1363,0.29%,4.47
jungle boys fl,4,948,0.42%,6.82
biscotti cream strain,4,651,0.61%,9.84
piatella x runtz,4,587,0.68%,6.55
palm boyz cart,4,519,0.77%,5.85
jungle boys bonita springs dispensary photos,4,480,0.83%,6.65
jungleboys fl,4,457,0.88%,7.72
project packs,4,367,1.09%,7.6
gmozk,4,353,1.13%,6.28
blam weed strain,4,338,1.18%,5.88
jungle boys cochino,4,335,1.19%,6.41
jungle boys mac,4,317,1.26%,7.86
jungle.boy,4,314,1.27%,7.37
dispensary near me el cajon,4,288,1.39%,6.48
jungle boys mac vape,4,273,1.47%,7.57
cannabis store near me,4,246,1.63%,13.33
southern fuel strain,4,242,1.65%,5.5
glitter glue jungle boys,4,237,1.69%,4.91
jingle boys,4,236,1.69%,7.42
creole kush,4,221,1.81%,6.12
jungleboys x cookies,4,217,1.84%,5.57
smackers jungle boys,4,213,1.88%,7.08
jungle boys x cookies motor breath,4,200,2%,4.71
pomona weed dispensary,4,200,2%,10.44
smoke shop near me,4,198,2.02%,11.97
dispensaries that deliver near me,4,189,2.12%,32.75
jungle boys disposable 1g,4,177,2.26%,6.16
jungle boys cannabis brand,4,174,2.3%,1.96
jungle weed,4,172,2.33%,12.1
jungle boys vape precio,4,169,2.37%,7.7
dispensary santee,4,167,2.4%,8.19
gator breath jungle boys,4,166,2.41%,10.6
piatella strawberry,4,153,2.61%,2.73
are jungle boys carts real,4,141,2.84%,3.87
paris og jungle boys,4,140,2.86%,5.41
jungle boys cherry gelato,4,140,2.86%,6.19
jungle biy,4,138,2.9%,7.88
toluca lake collective,4,137,2.92%,13
weedmaps near me,4,135,2.96%,9.48
weedmaps la mesa,4,129,3.1%,5.92
weed shops,4,126,3.17%,7.29
blue zerds,4,122,3.28%,7.76
grape cake head jungle boys,4,121,3.31%,6.04
best dispensary in san diego,4,112,3.57%,41.04
edibles,4,108,3.7%,4.24
jungle boy pen,4,106,3.77%,5.32
biscotti cream jungle boys,4,104,3.85%,5.28
dispensary downtown los angeles,4,102,3.92%,10.63
weed store by me,4,97,4.12%,7.12
jungleboys strains,4,95,4.21%,7.55
disposable thc vape florida,4,95,4.21%,21.64
the jungle dispensary,4,92,4.35%,4.71
frozen grapes strain jungle boys,4,88,4.55%,4.92
jungle boys kosher og,4,87,4.6%,5.18
jungle boys packs uk,4,86,4.65%,6.33
jungle boys apple jam,4,86,4.65%,7.71
closest dispensary,4,85,4.71%,5.86
dispensary san dimas,4,77,5.19%,4.01
jungle boys vape italia,4,77,5.19%,12.95
jungle bites 100mg marijuana,4,76,5.26%,5.82
jungle bites 100 mg,4,74,5.41%,3.91
jungle bite 100mg,4,68,5.88%,3.72
jungle boys weed near me,4,64,6.25%,5.5
ju gle boys,4,63,6.35%,3.84
delivery dispensary near me,4,62,6.45%,17.48
silver project strain effects,4,59,6.78%,3.31
hjungle boys,4,59,6.78%,3.39
jungle boys blinker,4,57,7.02%,3.47
dispensary near me now,4,57,7.02%,6.04
dispensary near me within 1 mi,4,56,7.14%,6.11
06 og #67,4,49,8.16%,3.61
jungle bys,4,48,8.33%,3.02
giraffe puzzy strain jungle boys,4,46,8.7%,2.65
deep visions #9,4,43,9.3%,2.37
blueprint cannabis co,4,43,9.3%,8.65
exotic strain shango,4,42,9.52%,6.9
khalifa kush near me,4,40,10%,8.5
lemonfeen blueprint,4,39,10.26%,7.21
jungle boys white,4,38,10.53%,5.74
tlc collective weedmaps,4,37,10.81%,8.41
cannabis shops near me,4,36,11.11%,9.64
kungle boys,4,35,11.43%,2.86
jungle boys - 1g live resin all-in-one,4,30,13.33%,5.2
plug n play near me,4,30,13.33%,6.03
vanilla velvet vape,4,29,13.79%,4.03
jungle boys grinder,4,28,14.29%,3
diesel dunked donuts strain,4,26,15.38%,3.73
cannabis seeds for sale near me,4,26,15.38%,14.19
jungle boys cannabis weed dispensary,4,25,16%,1.88
jungle boys zours,4,23,17.39%,4.09
cheapest dispensary in san diego,4,22,18.18%,38.95
rs 1000 strain jungleboys,4,21,19.05%,2.57
jungle.boys vapes,4,20,20%,1.9
best dispensaries in california,4,17,23.53%,12.12
new jungle boys packs,4,16,25%,2.75
jungle boys 20th anniversary packs,4,15,26.67%,1.2
dispensarys,4,11,36.36%,3.82
khalifa kush,4,11,36.36%,3.91
piatella,3,5680,0.05%,24.57
jungle boys st pete,3,5115,0.06%,10.34
jungle boys jacksonville fl,3,3817,0.08%,7.16
jungle,3,2432,0.12%,6.88
jungleboys miami,3,1699,0.18%,10.03
jungleboys tampa,3,1154,0.26%,6.6
jungleboysflorida,3,878,0.34%,6.68
frozen grapes strain,3,803,0.37%,22.3
jungle boys bonita springs florida,3,798,0.38%,6.5
palm boyz,3,789,0.38%,9.06
weed dispensary near me now open,3,638,0.47%,16.66
blu frootz strain,3,545,0.55%,7.62
adl strain weed,3,540,0.56%,5.29
jungle boys birthday discount,3,525,0.57%,17.97
story phoenix,3,365,0.82%,9.01
dispensary downtown phoenix,3,365,0.82%,22.98
jungle boys palm,3,362,0.83%,7.06
cookies jungle boys,3,355,0.85%,5.16
adl strain indica or sativa,3,340,0.88%,4.39
cult cannabis,3,337,0.89%,8.93
weed dispensary pomona,3,309,0.97%,9.93
adl weed,3,306,0.98%,6.62
jungle boys weed club,3,288,1.04%,8.06
superfog,3,283,1.06%,7.03
jungle boys cartridge,3,234,1.28%,6.71
santee dispensary,3,234,1.28%,8.66
jungle boy dispensary near me,3,210,1.43%,5.48
tropical sapphire kush strain,3,204,1.47%,8.36
jungle boys hours today,3,201,1.49%,4.97
jungle boyz cart,3,188,1.6%,5.43
dosi gelato jungle boys,3,187,1.6%,4.43
vaper jungle boys,3,183,1.64%,7.48
tlc weedmaps,3,179,1.68%,6.14
jungle boys 06 og,3,178,1.69%,7.4
jungle boys coma strain,3,177,1.69%,4.05
jungle boyz strain,3,173,1.73%,6.77
jungle boys gelato batter,3,149,2.01%,6.59
project 4516 strain jungleboys,3,148,2.03%,9.55
santa ana dispensary,3,135,2.22%,31.32
palm boyz 2g,3,134,2.24%,7.91
prerolls,3,128,2.34%,14.24
timeless t2 disposable vape,3,124,2.42%,8.27
modified grapes jungle boys,3,123,2.44%,8.24
mimosa jungle,3,123,2.44%,10.51
watermelon pie breath strain,3,122,2.46%,3.53
story cannabis midtown phoenix photos,3,122,2.46%,5.65
e85 strain jungle boys,3,120,2.5%,6.62
zamarelo,3,116,2.59%,3.91
jb pomona,3,115,2.61%,2.83
jungle boyz 2g,3,114,2.63%,6.23
jungle boys x cookies jelly donut,3,113,2.65%,5.83
weed store san diego,3,111,2.7%,12.92
ameretto di limon,3,110,2.73%,9.97
project packs az,3,109,2.75%,8.92
xerbacio alien labs,3,108,2.78%,7.05
dispensary in santa ana,3,108,2.78%,42.07
apples #11 strain,3,107,2.8%,3.79
dispo,3,102,2.94%,4.06
rosin pen,3,94,3.19%,27.2
dispensary jungle boys,3,93,3.23%,4.44
blu og jungle boys,3,91,3.3%,5.15
jungle boys high octane vape,3,91,3.3%,7.89
jungle boys vape legend og,3,91,3.3%,8.27
glazed ice,3,91,3.3%,12.44
jungles,3,90,3.33%,5.69
feno pre rolls,3,84,3.57%,8.65
obsidian strain project packs,3,82,3.66%,4.3
blueprint weed,3,82,3.66%,9.32
jungle boys x cookies vapes,3,80,3.75%,6.97
jungle boys jungle apples,3,80,3.75%,7.22
edibles gummies,3,78,3.85%,7.41
mountain man melts rosin,3,76,3.95%,7.34
weed maps,3,76,3.95%,7.49
baked bros unwind,3,76,3.95%,9.72
dispensary orange county,3,74,4.05%,30.85